{
  "info": {
    "name": "PedeAI Backend API",
    "description": "Coleção completa para testar todos os endpoints do backend PedeAI",
    "schema": "https://schema.getpostman.com/json/collection/v2.1.0/collection.json"
  },
  "variable": [
    {
      "key": "baseUrl",
      "value": "http://localhost:3000",
      "type": "string"
    },
    {
      "key": "token",
      "value": "",
      "type": "string"
    }
  ],
  "item": [
    {
      "name": "Auth",
      "item": [
        {
          "name": "Register",
          "request": {
            "method": "POST",
            "header": [
              {
                "key": "Content-Type",
                "value": "application/json"
              }
            ],
            "body": {
              "mode": "raw",
              "raw": "{\n  \"email\": \"novo@teste.com\",\n  \"password\": \"123456\",\n  \"name\": \"Novo Usuário\",\n  \"phone\": \"11987654321\"\n}"
            },
            "url": {
              "raw": "{{baseUrl}}/auth/register",
              "host": ["{{baseUrl}}"],
              "path": ["auth", "register"]
            }
          }
        },
        {
          "name": "Login",
          "event": [
            {
              "listen": "test",
              "script": {
                "exec": [
                  "var jsonData = pm.response.json();",
                  "pm.collectionVariables.set(\"token\", jsonData.access_token);"
                ],
                "type": "text/javascript"
              }
            }
          ],
          "request": {
            "method": "POST",
            "header": [
              {
                "key": "Content-Type",
                "value": "application/json"
              }
            ],
            "body": {
              "mode": "raw",
              "raw": "{\n  \"email\": \"teste@pedeai.com\",\n  \"password\": \"123456\"\n}"
            },
            "url": {
              "raw": "{{baseUrl}}/auth/login",
              "host": ["{{baseUrl}}"],
              "path": ["auth", "login"]
            }
          }
        }
      ]
    },
    {
      "name": "Users",
      "item": [
        {
          "name": "Get Profile",
          "request": {
            "method": "GET",
            "header": [
              {
                "key": "Authorization",
                "value": "Bearer {{token}}"
              }
            ],
            "url": {
              "raw": "{{baseUrl}}/users/profile",
              "host": ["{{baseUrl}}"],
              "path": ["users", "profile"]
            }
          }
        },
        {
          "name": "Update User",
          "request": {
            "method": "PATCH",
            "header": [
              {
                "key": "Authorization",
                "value": "Bearer {{token}}"
              },
              {
                "key": "Content-Type",
                "value": "application/json"
              }
            ],
            "body": {
              "mode": "raw",
              "raw": "{\n  \"name\": \"Nome Atualizado\",\n  \"phone\": \"11999887766\"\n}"
            },
            "url": {
              "raw": "{{baseUrl}}/users/1",
              "host": ["{{baseUrl}}"],
              "path": ["users", "1"]
            }
          }
        }
      ]
    },
    {
      "name": "Restaurants",
      "item": [
        {
          "name": "List Restaurants",
          "request": {
            "method": "GET",
            "header": [],
            "url": {
              "raw": "{{baseUrl}}/restaurants",
              "host": ["{{baseUrl}}"],
              "path": ["restaurants"]
            }
          }
        },
        {
          "name": "Get Restaurant",
          "request": {
            "method": "GET",
            "header": [],
            "url": {
              "raw": "{{baseUrl}}/restaurants/1",
              "host": ["{{baseUrl}}"],
              "path": ["restaurants", "1"]
            }
          }
        },
        {
          "name": "Create Restaurant",
          "request": {
            "method": "POST",
            "header": [
              {
                "key": "Content-Type",
                "value": "application/json"
              }
            ],
            "body": {
              "mode": "raw",
              "raw": "{\n  \"name\": \"Novo Restaurante\",\n  \"category\": \"Italiana\",\n  \"rating\": 4.5,\n  \"delivery_time\": \"30-40 min\",\n  \"delivery_fee\": 5.00,\n  \"image\": \"https://via.placeholder.com/300\"\n}"
            },
            "url": {
              "raw": "{{baseUrl}}/restaurants",
              "host": ["{{baseUrl}}"],
              "path": ["restaurants"]
            }
          }
        }
      ]
    },
    {
      "name": "Products",
      "item": [
        {
          "name": "List All Products",
          "request": {
            "method": "GET",
            "header": [],
            "url": {
              "raw": "{{baseUrl}}/products",
              "host": ["{{baseUrl}}"],
              "path": ["products"]
            }
          }
        },
        {
          "name": "List Products by Restaurant",
          "request": {
            "method": "GET",
            "header": [],
            "url": {
              "raw": "{{baseUrl}}/products?restaurant_id=1",
              "host": ["{{baseUrl}}"],
              "path": ["products"],
              "query": [
                {
                  "key": "restaurant_id",
                  "value": "1"
                }
              ]
            }
          }
        },
        {
          "name": "Get Product",
          "request": {
            "method": "GET",
            "header": [],
            "url": {
              "raw": "{{baseUrl}}/products/1",
              "host": ["{{baseUrl}}"],
              "path": ["products", "1"]
            }
          }
        },
        {
          "name": "Create Product",
          "request": {
            "method": "POST",
            "header": [
              {
                "key": "Content-Type",
                "value": "application/json"
              }
            ],
            "body": {
              "mode": "raw",
              "raw": "{\n  \"name\": \"Novo Produto\",\n  \"description\": \"Descrição do produto\",\n  \"price\": 29.90,\n  \"restaurant_id\": 1,\n  \"is_available\": true\n}"
            },
            "url": {
              "raw": "{{baseUrl}}/products",
              "host": ["{{baseUrl}}"],
              "path": ["products"]
            }
          }
        }
      ]
    },
    {
      "name": "Addresses",
      "item": [
        {
          "name": "List My Addresses",
          "request": {
            "method": "GET",
            "header": [
              {
                "key": "Authorization",
                "value": "Bearer {{token}}"
              }
            ],
            "url": {
              "raw": "{{baseUrl}}/addresses/my",
              "host": ["{{baseUrl}}"],
              "path": ["addresses", "my"]
            }
          }
        },
        {
          "name": "Create Address",
          "request": {
            "method": "POST",
            "header": [
              {
                "key": "Authorization",
                "value": "Bearer {{token}}"
              },
              {
                "key": "Content-Type",
                "value": "application/json"
              }
            ],
            "body": {
              "mode": "raw",
              "raw": "{\n  \"user_id\": 1,\n  \"street\": \"Rua das Flores\",\n  \"number\": \"123\",\n  \"complement\": \"Apto 45\",\n  \"neighborhood\": \"Centro\",\n  \"city\": \"São Paulo\",\n  \"state\": \"SP\",\n  \"zip\": \"01310100\",\n  \"is_default\": true\n}"
            },
            "url": {
              "raw": "{{baseUrl}}/addresses",
              "host": ["{{baseUrl}}"],
              "path": ["addresses"]
            }
          }
        },
        {
          "name": "Update Address",
          "request": {
            "method": "PATCH",
            "header": [
              {
                "key": "Authorization",
                "value": "Bearer {{token}}"
              },
              {
                "key": "Content-Type",
                "value": "application/json"
              }
            ],
            "body": {
              "mode": "raw",
              "raw": "{\n  \"number\": \"456\",\n  \"is_default\": false\n}"
            },
            "url": {
              "raw": "{{baseUrl}}/addresses/1",
              "host": ["{{baseUrl}}"],
              "path": ["addresses", "1"]
            }
          }
        }
      ]
    },
    {
      "name": "Orders",
      "item": [
        {
          "name": "List My Orders",
          "request": {
            "method": "GET",
            "header": [
              {
                "key": "Authorization",
                "value": "Bearer {{token}}"
              }
            ],
            "url": {
              "raw": "{{baseUrl}}/orders/my",
              "host": ["{{baseUrl}}"],
              "path": ["orders", "my"]
            }
          }
        },
        {
          "name": "Create Order",
          "request": {
            "method": "POST",
            "header": [
              {
                "key": "Authorization",
                "value": "Bearer {{token}}"
              },
              {
                "key": "Content-Type",
                "value": "application/json"
              }
            ],
            "body": {
              "mode": "raw",
              "raw": "{\n  \"user_id\": 1,\n  \"restaurant_id\": 1,\n  \"restaurant_name\": \"Pizza Bella\",\n  \"items\": [\n    {\n      \"product_id\": 1,\n      \"name\": \"Pizza Margherita\",\n      \"price\": 42.90,\n      \"quantity\": 2\n    }\n  ],\n  \"total\": 85.80,\n  \"address_id\": 1,\n  \"address\": \"Rua das Flores, 123 - Centro, São Paulo - SP\",\n  \"payment_type\": \"credit_card\"\n}"
            },
            "url": {
              "raw": "{{baseUrl}}/orders",
              "host": ["{{baseUrl}}"],
              "path": ["orders"]
            }
          }
        },
        {
          "name": "Get Order",
          "request": {
            "method": "GET",
            "header": [
              {
                "key": "Authorization",
                "value": "Bearer {{token}}"
              }
            ],
            "url": {
              "raw": "{{baseUrl}}/orders/1",
              "host": ["{{baseUrl}}"],
              "path": ["orders", "1"]
            }
          }
        },
        {
          "name": "Update Order Status",
          "request": {
            "method": "PATCH",
            "header": [
              {
                "key": "Authorization",
                "value": "Bearer {{token}}"
              },
              {
                "key": "Content-Type",
                "value": "application/json"
              }
            ],
            "body": {
              "mode": "raw",
              "raw": "{\n  \"status\": \"confirmed\"\n}"
            },
            "url": {
              "raw": "{{baseUrl}}/orders/1",
              "host": ["{{baseUrl}}"],
              "path": ["orders", "1"]
            }
          }
        }
      ]
    },
    {
      "name": "Error Cases",
      "item": [
        {
          "name": "Login - Invalid Credentials",
          "request": {
            "method": "POST",
            "header": [
              {
                "key": "Content-Type",
                "value": "application/json"
              }
            ],
            "body": {
              "mode": "raw",
              "raw": "{\n  \"email\": \"teste@pedeai.com\",\n  \"password\": \"senhaerrada\"\n}"
            },
            "url": {
              "raw": "{{baseUrl}}/auth/login",
              "host": ["{{baseUrl}}"],
              "path": ["auth", "login"]
            }
          }
        },
        {
          "name": "Register - Duplicate Email",
          "request": {
            "method": "POST",
            "header": [
              {
                "key": "Content-Type",
                "value": "application/json"
              }
            ],
            "body": {
              "mode": "raw",
              "raw": "{\n  \"email\": \"teste@pedeai.com\",\n  \"password\": \"123456\",\n  \"name\": \"Teste Duplicado\"\n}"
            },
            "url": {
              "raw": "{{baseUrl}}/auth/register",
              "host": ["{{baseUrl}}"],
              "path": ["auth", "register"]
            }
          }
        },
        {
          "name": "Create Order - Invalid Total",
          "request": {
            "method": "POST",
            "header": [
              {
                "key": "Authorization",
                "value": "Bearer {{token}}"
              },
              {
                "key": "Content-Type",
                "value": "application/json"
              }
            ],
            "body": {
              "mode": "raw",
              "raw": "{\n  \"user_id\": 1,\n  \"restaurant_id\": 1,\n  \"restaurant_name\": \"Pizza Bella\",\n  \"items\": [\n    {\n      \"product_id\": 1,\n      \"name\": \"Pizza Margherita\",\n      \"price\": 42.90,\n      \"quantity\": 2\n    }\n  ],\n  \"total\": 50.00,\n  \"address_id\": 1,\n  \"address\": \"Rua das Flores, 123\",\n  \"payment_type\": \"credit_card\"\n}"
            },
            "url": {
              "raw": "{{baseUrl}}/orders",
              "host": ["{{baseUrl}}"],
              "path": ["orders"]
            }
          }
        },
        {
          "name": "Update Order - Invalid Transition",
          "request": {
            "method": "PATCH",
            "header": [
              {
                "key": "Authorization",
                "value": "Bearer {{token}}"
              },
              {
                "key": "Content-Type",
                "value": "application/json"
              }
            ],
            "body": {
              "mode": "raw",
              "raw": "{\n  \"status\": \"delivered\"\n}"
            },
            "url": {
              "raw": "{{baseUrl}}/orders/1",
              "host": ["{{baseUrl}}"],
              "path": ["orders", "1"]
            }
          }
        }
      ]
    }
  ]
}
